name,pricesqftband_pred
10 evelyn,"(2.0, 3.0]"
10 shelford,"(1.0, 2.0]"
111 emerald hill,"(2.0, 3.0]"
120 grange,"(3.0, 4.0]"
1208 upper boon keng road,"(1.0, 2.0]"
15 holland hill,"(3.0, 4.0]"
18 shelford,"(2.0, 3.0]"
18 woodsville,"(2.0, 3.0]"
183 longhaus,"(1.0, 2.0]"
19 nassim,"(3.0, 4.0]"
1919,"(2.0, 3.0]"
21 richards,"(1.0, 2.0]"
24 one residences,"(2.0, 3.0]"
26 newton,"(2.0, 3.0]"
28 imperial residences,"(1.0, 2.0]"
28 rc suites,"(1.0, 2.0]"
283 studio,"(2.0, 3.0]"
33 residences,"(1.0, 2.0]"
35 gilstead,"(2.0, 3.0]"
368 thomson,"(1.0, 2.0]"
38 draycott drive,"(2.0, 3.0]"
38 i suites,"(1.0, 2.0]"
38 jervois,"(2.0, 3.0]"
39 flower road,"(1.0, 2.0]"
57 @ kovan,"(1.0, 2.0]"
70@truro,"(2.0, 3.0]"
76 shenton,"(2.0, 3.0]"
77 @ east coast,"(1.0, 2.0]"
8@woodleigh,"(1.0, 2.0]"
8m residences,"(2.0, 3.0]"
91 marshall,"(1.0, 2.0]"
a treasure trove,"(1.0, 2.0]"
aalto,"(2.0, 3.0]"
adam park condominium,"(1.0, 2.0]"
adana @ thomson,"(2.0, 3.0]"
affinity at serangoon,"(1.0, 2.0]"
alba,"(3.0, 4.0]"
alex residences,"(2.0, 3.0]"
alexandra road,"(2.0, 3.0]"
alexis,"(1.0, 2.0]"
allsworth park,"(1.0, 2.0]"
almond avenue,"(1.0, 2.0]"
altez,"(2.0, 3.0]"
amaninda,"(1.0, 2.0]"
amaranda gardens,"(1.0, 2.0]"
amaryllis ville,"(1.0, 2.0]"
amber 45,"(2.0, 3.0]"
amber gardens,"(2.0, 3.0]"
amber park,"(2.0, 3.0]"
amber point,"(1.0, 2.0]"
amber residences,"(1.0, 2.0]"
amber sea,"(2.0, 3.0]"
amber skye,"(1.0, 2.0]"
anchorvale link,"(0.0, 1.0]"
ang mo kio avenue 2,"(1.0, 2.0]"
angullia park residences @ orchard,"(2.0, 3.0]"
apleton view,"(1.0, 2.0]"
apollo gardens,"(1.0, 2.0]"
aquarine gardens,"(1.0, 2.0]"
aquarius by the park,"(1.0, 2.0]"
aquene,"(1.0, 2.0]"
arc at tampines,"(1.0, 2.0]"
archipelago,"(1.0, 2.0]"
ardmore 3,"(4.0, 5.0]"
ardmore ii,"(3.0, 4.0]"
ardmore park,"(4.0, 5.0]"
arena residences,"(2.0, 3.0]"
arthur 118,"(2.0, 3.0]"
arthur road,"(2.0, 3.0]"
artra,"(2.0, 3.0]"
ascent @ 456,"(1.0, 2.0]"
ascentia sky,"(1.0, 2.0]"
aspen heights,"(2.0, 3.0]"
aspen linq,"(2.0, 3.0]"
aston mansions,"(1.0, 2.0]"
astor green,"(1.0, 2.0]"
astoria park,"(1.0, 2.0]"
atrium residences,"(1.0, 2.0]"
aura 83,"(1.0, 2.0]"
auralis,"(1.0, 2.0]"
austville residences,"(1.0, 2.0]"
ava towers,"(1.0, 2.0]"
avalon,"(2.0, 3.0]"
avant residences,"(1.0, 2.0]"
avenue south residence,"(2.0, 3.0]"
avila gardens,"(1.0, 2.0]"
axis @ siglap,"(1.0, 2.0]"
azalea park condominium,"(0.0, 1.0]"
balestier point,"(1.0, 2.0]"
balestier road,"(1.0, 2.0]"
ballota park condominium,"(0.0, 1.0]"
balmoral 8,"(1.0, 2.0]"
balmoral crest,"(2.0, 3.0]"
balmoral gate,"(2.0, 3.0]"
balmoral heights,"(2.0, 3.0]"
balmoral hills,"(1.0, 2.0]"
balmoral park,"(2.0, 3.0]"
balmoral plaza,"(1.0, 2.0]"
balmoral point,"(2.0, 3.0]"
balmy court,"(1.0, 2.0]"
bartley residences,"(1.0, 2.0]"
bartley ridge,"(1.0, 2.0]"
bartley vue,"(1.0, 2.0]"
bassein court,"(2.0, 3.0]"
bayou residence,"(1.0, 2.0]"
bayshore park,"(1.0, 2.0]"
baywater,"(1.0, 2.0]"
beach road,"(2.0, 3.0]"
beacon heights,"(1.0, 2.0]"
beaufort on nassim,"(3.0, 4.0]"
beauty world centre,"(1.0, 2.0]"
beaverton court,"(2.0, 3.0]"
bedok court,"(1.0, 2.0]"
bedok residences,"(1.0, 2.0]"
belgravia drive,"(0.0, 1.0]"
bella casita,"(1.0, 2.0]"
belle vue residences,"(2.0, 3.0]"
bellerive,"(1.0, 2.0]"
bellewaters,"(1.0, 2.0]"
bellewoods,"(1.0, 2.0]"
belmond green,"(2.0, 3.0]"
bencoolen house,"(1.0, 2.0]"
berkeley residences,"(1.0, 2.0]"
beverly hill,"(2.0, 3.0]"
bijou,"(2.0, 3.0]"
binjai park,"(1.0, 2.0]"
bishan 8,"(1.0, 2.0]"
bishan loft,"(1.0, 2.0]"
bishan park condominium,"(1.0, 2.0]"
bishan point,"(1.0, 2.0]"
bishopsgate residences,"(4.0, 5.0]"
bleu @ east coast,"(1.0, 2.0]"
bliss loft,"(1.0, 2.0]"
bliss regalia,"(1.0, 2.0]"
bliss residences,"(1.0, 2.0]"
bliss@kovan,"(1.0, 2.0]"
blossom residences,"(1.0, 2.0]"
blossom view,"(1.0, 2.0]"
blossoms @ woodleigh,"(1.0, 2.0]"
blu coral,"(1.0, 2.0]"
blue horizon,"(1.0, 2.0]"
bluwaters 2,"(1.0, 2.0]"
boathouse residences,"(1.0, 2.0]"
boonview,"(2.0, 3.0]"
botanic gardens view,"(2.0, 3.0]"
botanika,"(2.0, 3.0]"
botanique at bartley,"(1.0, 2.0]"
botannia,"(1.0, 2.0]"
boulevard 88,"(3.0, 4.0]"
boulevard vue,"(4.0, 5.0]"
braddell view,"(1.0, 2.0]"
breeze by the east,"(1.0, 2.0]"
bristol lodge,"(1.0, 2.0]"
brookvale drive,"(1.0, 2.0]"
buangkok crescent,"(1.0, 2.0]"
buckley 18,"(2.0, 3.0]"
buckley classique,"(2.0, 3.0]"
bukit regency,"(1.0, 2.0]"
bukit timah road,"(2.0, 3.0]"
bullion park,"(1.0, 2.0]"
burlington square,"(1.0, 2.0]"
butterworth 8,"(1.0, 2.0]"
cairnhill 16,"(3.0, 4.0]"
cairnhill astoria,"(1.0, 2.0]"
cairnhill crest,"(2.0, 3.0]"
cairnhill nine,"(3.0, 4.0]"
cairnhill plaza,"(2.0, 3.0]"
cairnhill residences,"(3.0, 4.0]"
cairnhill road,"(3.0, 4.0]"
calarasi,"(1.0, 2.0]"
cambio suites,"(1.0, 2.0]"
camelodge,"(1.0, 2.0]"
camelot by-the-water,"(1.0, 2.0]"
canberlin lodge,"(1.0, 2.0]"
canberra residences,"(1.0, 2.0]"
canberra street,"(1.0, 2.0]"
canninghill piers,"(3.0, 4.0]"
carabelle,"(1.0, 2.0]"
cardiff residence,"(1.0, 2.0]"
caribbean at keppel bay,"(1.0, 2.0]"
carissa park condominium,"(1.0, 2.0]"
carlyx green,"(1.0, 2.0]"
carpmael thirty-eight,"(2.0, 3.0]"
casa aerata,"(1.0, 2.0]"
casa al mare,"(1.0, 2.0]"
casa cambio,"(1.0, 2.0]"
casa feliz,"(1.0, 2.0]"
casa fortuna,"(1.0, 2.0]"
casa irrawaddy,"(1.0, 2.0]"
casa merah,"(1.0, 2.0]"
casa pasir ris,"(1.0, 2.0]"
casa riviera,"(1.0, 2.0]"
casa rosa,"(1.0, 2.0]"
casabella,"(2.0, 3.0]"
casablanca,"(1.0, 2.0]"
casafina,"(1.0, 2.0]"
cascadale,"(1.0, 2.0]"
casero @ dunman,"(1.0, 2.0]"
cashew road,"(1.0, 2.0]"
caspian,"(1.0, 2.0]"
cassia edge,"(1.0, 2.0]"
castle green,"(0.0, 1.0]"
casuarina cove,"(1.0, 2.0]"
cavan suites,"(1.0, 2.0]"
cavenagh gardens,"(1.0, 2.0]"
cavendish park,"(1.0, 2.0]"
centennia suites,"(3.0, 4.0]"
centra heights,"(1.0, 2.0]"
centra loft,"(1.0, 2.0]"
centra residence,"(1.0, 2.0]"
centra studios,"(2.0, 3.0]"
central green condominium,"(1.0, 2.0]"
central grove,"(1.0, 2.0]"
central imperial,"(1.0, 2.0]"
centro residences,"(2.0, 3.0]"
changi court,"(1.0, 2.0]"
changi green,"(1.0, 2.0]"
changi rise condominium,"(1.0, 2.0]"
changi road,"(1.0, 2.0]"
chantilly rise,"(1.0, 2.0]"
chapel court,"(1.0, 2.0]"
charlton corner,"(1.0, 2.0]"
chateau le fame,"(1.0, 2.0]"
chelsea gardens,"(2.0, 3.0]"
chelsea lodge,"(1.0, 2.0]"
cherry gardens,"(1.0, 2.0]"
chestervale,"(0.0, 1.0]"
chestnut crescent,"(1.0, 2.0]"
chiltern park,"(1.0, 2.0]"
chuan park,"(1.0, 2.0]"
citigate residence,"(1.0, 2.0]"
city edge,"(2.0, 3.0]"
city gate,"(2.0, 3.0]"
city loft,"(1.0, 2.0]"
city regency,"(1.0, 2.0]"
city square residences,"(2.0, 3.0]"
city studios,"(1.0, 2.0]"
city suites,"(2.0, 3.0]"
citylights,"(1.0, 2.0]"
cityvista residences,"(2.0, 3.0]"
claremont,"(2.0, 3.0]"
clarke quay,"(3.0, 4.0]"
clavon,"(1.0, 2.0]"
claymore plaza,"(2.0, 3.0]"
clementi park,"(1.0, 2.0]"
clementiwoods condominium,"(1.0, 2.0]"
cliften,"(2.0, 3.0]"
cliveden at grange,"(3.0, 4.0]"
clover by the park,"(1.0, 2.0]"
cluny park residence,"(3.0, 4.0]"
clydes residence,"(1.0, 2.0]"
coastal breeze residences,"(0.0, 1.0]"
coastal view residences,"(1.0, 2.0]"
coastline residences,"(2.0, 3.0]"
coco palms,"(1.0, 2.0]"
commonwealth towers,"(2.0, 3.0]"
compass heights,"(1.0, 2.0]"
compassvale bow,"(1.0, 2.0]"
concourse skyline,"(2.0, 3.0]"
coralis,"(2.0, 3.0]"
corals at keppel bay,"(2.0, 3.0]"
corona ville,"(1.0, 2.0]"
costa del sol,"(1.0, 2.0]"
costa rhu,"(1.0, 2.0]"
cote d'azur,"(1.0, 2.0]"
country park condominium,"(1.0, 2.0]"
cradels,"(1.0, 2.0]"
craig place,"(2.0, 3.0]"
crescendo building,"(1.0, 2.0]"
crescendo park,"(1.0, 2.0]"
crystal de azure,"(1.0, 2.0]"
crystal lodge,"(1.0, 2.0]"
crystal rhu,"(1.0, 2.0]"
cube 8,"(1.0, 2.0]"
cubik,"(1.0, 2.0]"
cuscaden reserve,"(3.0, 4.0]"
cuscaden residences,"(2.0, 3.0]"
cyan,"(2.0, 3.0]"
d'hiro@hillside,"(1.0, 2.0]"
d'leedon,"(1.0, 2.0]"
d'lotus,"(1.0, 2.0]"
d'mira,"(1.0, 2.0]"
d'nest,"(1.0, 2.0]"
d'oasia,"(1.0, 2.0]"
d'pavilion,"(1.0, 2.0]"
d'sunrise,"(1.0, 2.0]"
d'weave,"(1.0, 2.0]"
d'zire,"(1.0, 2.0]"
dahlia park condominium,"(1.0, 2.0]"
daintree residence,"(2.0, 3.0]"
dairy farm heights,"(1.0, 2.0]"
dairy farm residences,"(1.0, 2.0]"
daisy suites,"(2.0, 3.0]"
dakota residences,"(1.0, 2.0]"
dalvey haus,"(3.0, 4.0]"
de royale,"(1.0, 2.0]"
devonshire 12,"(2.0, 3.0]"
devonshire residences,"(2.0, 3.0]"
domus,"(1.0, 2.0]"
dorsett residences,"(2.0, 3.0]"
double bay residences,"(1.0, 2.0]"
dover parkview,"(1.0, 2.0]"
draycott drive,"(2.0, 3.0]"
draycott eight,"(2.0, 3.0]"
dublin road,"(2.0, 3.0]"
duchess crest,"(1.0, 2.0]"
duchess residences,"(1.0, 2.0]"
duchess royale,"(2.0, 3.0]"
duet,"(1.0, 2.0]"
dukes residence,"(2.0, 3.0]"
dunearn 386,"(2.0, 3.0]"
dunman view,"(1.0, 2.0]"
duo residences,"(2.0, 3.0]"
dynasty garden,"(1.0, 2.0]"
dynasty lodge,"(1.0, 2.0]"
dyson road,"(3.0, 4.0]"
e maison,"(1.0, 2.0]"
east bay gardens,"(1.0, 2.0]"
east coast residences,"(1.0, 2.0]"
east coast road,"(2.0, 3.0]"
east meadows,"(1.0, 2.0]"
east palm,"(1.0, 2.0]"
east village,"(1.0, 2.0]"
eastbay,"(1.0, 2.0]"
eastern lagoon,"(2.0, 3.0]"
eastpoint green,"(1.0, 2.0]"
eastvale,"(0.0, 1.0]"
eastville apartments,"(1.0, 2.0]"
eastwood lodge,"(1.0, 2.0]"
eastwood regency,"(1.0, 2.0]"
echelon,"(2.0, 3.0]"
eco,"(1.0, 2.0]"
eco sanctuary,"(1.0, 2.0]"
ecopolitan,"(1.0, 2.0]"
edelweiss park condominium,"(1.0, 2.0]"
eden residences capitol,"(3.0, 4.0]"
edenz loft,"(1.0, 2.0]"
edenz suites,"(1.0, 2.0]"
edgedale plains,"(1.0, 2.0]"
eight courtyards,"(1.0, 2.0]"
eight riversuites,"(1.0, 2.0]"
eis residences,"(1.0, 2.0]"
elias green,"(0.0, 1.0]"
elizabeth heights,"(2.0, 3.0]"
elizabeth tower,"(3.0, 4.0]"
ellington square,"(1.0, 2.0]"
elliot at the east coast,"(1.0, 2.0]"
emerald apartments,"(2.0, 3.0]"
emerald garden,"(2.0, 3.0]"
emerald hill conservation area,"(2.0, 3.0]"
emerald hill road,"(2.0, 3.0]"
emerald park,"(1.0, 2.0]"
emily residence,"(1.0, 2.0]"
eng hoon mansions,"(1.0, 2.0]"
eng hoon street,"(1.0, 2.0]"
eng kong green,"(1.0, 2.0]"
envio,"(1.0, 2.0]"
eon shenton,"(2.0, 3.0]"
equatorial apartments,"(2.0, 3.0]"
espa,"(1.0, 2.0]"
espada,"(2.0, 3.0]"
esparina residences,"(1.0, 2.0]"
espira residence,"(1.0, 2.0]"
espira suites,"(1.0, 2.0]"
esta ruby,"(1.0, 2.0]"
estella gardens,"(1.0, 2.0]"
estilo,"(2.0, 3.0]"
estique,"(1.0, 2.0]"
eu tong sen street,"(2.0, 3.0]"
euhabitat,"(1.0, 2.0]"
euphony gardens,"(0.0, 1.0]"
euro-asia court,"(2.0, 3.0]"
evergreen park,"(0.0, 1.0]"
everitt edge,"(1.0, 2.0]"
ewe boon regent,"(2.0, 3.0]"
faber crest,"(1.0, 2.0]"
faber hills,"(1.0, 2.0]"
fairmount condominium,"(0.0, 1.0]"
farrer park suites,"(1.0, 2.0]"
farrer road,"(2.0, 3.0]"
fernvale close,"(1.0, 2.0]"
fernvale lane,"(1.0, 2.0]"
fernvale link,"(1.0, 2.0]"
fernvale road,"(1.0, 2.0]"
ferraria park condominium,"(1.0, 2.0]"
fifth avenue,"(2.0, 3.0]"
fifty-two stevens,"(2.0, 3.0]"
fiorenza,"(1.0, 2.0]"
flame tree park,"(1.0, 2.0]"
flamingo valley,"(1.0, 2.0]"
flanders square,"(1.0, 2.0]"
flo residence,"(1.0, 2.0]"
floraview,"(1.0, 2.0]"
floraville,"(1.0, 2.0]"
floridian,"(2.0, 3.0]"
flower road,"(1.0, 2.0]"
fontaine parry,"(1.0, 2.0]"
fontana heights,"(2.0, 3.0]"
fook hai building,"(2.0, 3.0]"
foresque residences,"(1.0, 2.0]"
forest hills condominium,"(1.0, 2.0]"
forest woods,"(2.0, 3.0]"
forestville,"(1.0, 2.0]"
forett@bukit timah,"(2.0, 3.0]"
fort gardens,"(2.0, 3.0]"
forte suites,"(2.0, 3.0]"
four seasons park,"(3.0, 4.0]"
fourth avenue residences,"(2.0, 3.0]"
frankel estate,"(1.0, 2.0]"
fraser street,"(2.0, 3.0]"
freesia woods,"(1.0, 2.0]"
fulcrum,"(2.0, 3.0]"
fuyuen court,"(1.0, 2.0]"
fyve derbyshire,"(2.0, 3.0]"
gallop gables,"(2.0, 3.0]"
gambir ridge,"(1.0, 2.0]"
garden park residences,"(1.0, 2.0]"
gardenvista,"(1.0, 2.0]"
gem residences,"(1.0, 2.0]"
geylang road,"(0.0, 1.0]"
gilstead two,"(2.0, 3.0]"
glasgow residence,"(1.0, 2.0]"
glendale park,"(1.0, 2.0]"
glentrees,"(1.0, 2.0]"
gloucester mansions,"(1.0, 2.0]"
goldenhill park condominium,"(1.0, 2.0]"
goldhill towers,"(2.0, 3.0]"
goodwood gardens,"(1.0, 2.0]"
goodwood grand,"(1.0, 2.0]"
goodwood residence,"(2.0, 3.0]"
gramercy park,"(4.0, 5.0]"
grand chateau,"(1.0, 2.0]"
grande vista,"(1.0, 2.0]"
grandeur 8,"(1.0, 2.0]"
grandeur park residences,"(1.0, 2.0]"
grandview suites,"(1.0, 2.0]"
grange 1866,"(2.0, 3.0]"
grange heights,"(2.0, 3.0]"
grange infinite,"(2.0, 3.0]"
grange residences,"(3.0, 4.0]"
gray lane,"(1.0, 2.0]"
green court,"(1.0, 2.0]"
guilin mansions,"(1.0, 2.0]"
guilin view,"(1.0, 2.0]"
guillemard edge,"(1.0, 2.0]"
guillemard road,"(1.0, 2.0]"
guillemard suites,"(1.0, 2.0]"
h2o residences,"(1.0, 2.0]"
haig 162,"(1.0, 2.0]"
haig apartments,"(1.0, 2.0]"
haig residences,"(1.0, 2.0]"
hallmark residences,"(2.0, 3.0]"
harbour suites,"(2.0, 3.0]"
harbour view gardens,"(1.0, 2.0]"
harbourlights,"(1.0, 2.0]"
haus on handy,"(2.0, 3.0]"
hawaii tower,"(1.0, 2.0]"
hazel park condominium,"(1.0, 2.0]"
hedges park condominium,"(1.0, 2.0]"
heji gardens,"(1.0, 2.0]"
helios residences,"(2.0, 3.0]"
heritage east,"(1.0, 2.0]"
heritage place,"(3.0, 4.0]"
heritage view,"(1.0, 2.0]"
heron bay,"(1.0, 2.0]"
hertford collection,"(1.0, 2.0]"
high oak condominium,"(1.0, 2.0]"
high park residences,"(1.0, 2.0]"
highgate,"(1.0, 2.0]"
highgate crescent,"(1.0, 2.0]"
highland centre,"(0.0, 1.0]"
highline residences,"(2.0, 3.0]"
hijauan,"(2.0, 3.0]"
hillbrooks,"(1.0, 2.0]"
hillcrest arcadia,"(1.0, 2.0]"
hillington green,"(1.0, 2.0]"
hillion residences,"(1.0, 2.0]"
hills apartment,"(2.0, 3.0]"
hills twoone,"(1.0, 2.0]"
hillside drive,"(1.0, 2.0]"
hillsta,"(1.0, 2.0]"
hilltop grove,"(1.0, 2.0]"
hilltops,"(3.0, 4.0]"
hillview 128,"(1.0, 2.0]"
hillview garden estate,"(1.0, 2.0]"
hillview green,"(1.0, 2.0]"
hillview heights,"(1.0, 2.0]"
hillview park,"(1.0, 2.0]"
hillview regency,"(1.0, 2.0]"
holland grove road,"(2.0, 3.0]"
holland road,"(2.0, 3.0]"
hollandswood court,"(1.0, 2.0]"
holt residences,"(2.0, 3.0]"
hong heng garden,"(1.0, 2.0]"
honolulu tower,"(2.0, 3.0]"
horizon residences,"(2.0, 3.0]"
horizon towers,"(1.0, 2.0]"
hougang avenue 2,"(1.0, 2.0]"
hougang avenue 3,"(0.0, 1.0]"
hougang central,"(1.0, 2.0]"
hougang green,"(0.0, 1.0]"
how sun road,"(2.0, 3.0]"
hume avenue,"(1.0, 2.0]"
hume park i,"(1.0, 2.0]"
hundred palms residences,"(1.0, 2.0]"
hundred trees,"(1.0, 2.0]"
hyll on holland,"(2.0, 3.0]"
icon,"(2.0, 3.0]"
icon @ pasir panjang,"(1.0, 2.0]"
idyllic east,"(1.0, 2.0]"
idyllic suites,"(1.0, 2.0]"
ikigai,"(2.0, 3.0]"
illuminaire on devonshire,"(2.0, 3.0]"
imperial heights,"(1.0, 2.0]"
infini at east coast,"(2.0, 3.0]"
international plaza,"(1.0, 2.0]"
intero,"(1.0, 2.0]"
inz residence,"(1.0, 2.0]"
iresidences,"(1.0, 2.0]"
iridium,"(1.0, 2.0]"
irwell hill residences,"(2.0, 3.0]"
island view,"(1.0, 2.0]"
isuites @ marshall,"(1.0, 2.0]"
isuites @ palm,"(1.0, 2.0]"
isuites @ tani,"(1.0, 2.0]"
ivory,"(1.0, 2.0]"
ivory heights,"(1.0, 2.0]"
j gateway,"(2.0, 3.0]"
jade residences,"(1.0, 2.0]"
jadescape,"(2.0, 3.0]"
jalan besar,"(1.0, 2.0]"
jalan bunga rampai,"(2.0, 3.0]"
jalan intan,"(1.0, 2.0]"
jalan kemaman,"(2.0, 3.0]"
jalan lapang,"(2.0, 3.0]"
jalan lempeng,"(1.0, 2.0]"
jalan molek,"(1.0, 2.0]"
jalan remaja,"(1.0, 2.0]"
jardin,"(2.0, 3.0]"
jc court,"(1.0, 2.0]"
jervois lodge,"(2.0, 3.0]"
jervois meadows,"(1.0, 2.0]"
jervois regency,"(1.0, 2.0]"
jervois road,"(2.0, 3.0]"
jervois treasures,"(2.0, 3.0]"
jervois view,"(2.0, 3.0]"
jewel @ buangkok,"(1.0, 2.0]"
jewel of balmoral,"(2.0, 3.0]"
jia,"(1.0, 2.0]"
joo chiat apartments,"(1.0, 2.0]"
joo chiat mansions,"(1.0, 2.0]"
joo chiat place,"(1.0, 2.0]"
jool suites,"(1.0, 2.0]"
jui residences,"(2.0, 3.0]"
juniper hill,"(3.0, 4.0]"
jupiter 18,"(1.0, 2.0]"
kallang riverside,"(2.0, 3.0]"
kandis residence,"(1.0, 2.0]"
kasturina lodge,"(2.0, 3.0]"
katong regency,"(2.0, 3.0]"
kellock lodge,"(2.0, 3.0]"
kembangan plaza,"(1.0, 2.0]"
kembangan suites,"(1.0, 2.0]"
kensington park condominium,"(1.0, 2.0]"
kensington square,"(1.0, 2.0]"
kent residences,"(1.0, 2.0]"
kent ridge hill residences,"(2.0, 3.0]"
kentish court,"(1.0, 2.0]"
kentish green,"(1.0, 2.0]"
kentish lodge,"(1.0, 2.0]"
kerrisdale,"(1.0, 2.0]"
kew green,"(0.0, 1.0]"
ki residences at brookvale,"(2.0, 3.0]"
kilat court,"(1.0, 2.0]"
killiney 118,"(2.0, 3.0]"
kim keat gardens,"(0.0, 1.0]"
kim keat house,"(1.0, 2.0]"
kim sia court,"(3.0, 4.0]"
king albert park,"(1.0, 2.0]"
king's arcade,"(1.0, 2.0]"
king's mansion,"(1.0, 2.0]"
kingsford . hillview peak,"(1.0, 2.0]"
kingsford waterbay,"(1.0, 2.0]"
kingston terrace,"(1.0, 2.0]"
klimt cairnhill,"(4.0, 5.0]"
kopar at newton,"(2.0, 3.0]"
kovan grandeur,"(1.0, 2.0]"
kovan melody,"(1.0, 2.0]"
kovan regency,"(1.0, 2.0]"
kovan residences,"(1.0, 2.0]"
l'viv,"(2.0, 3.0]"
la brisa,"(1.0, 2.0]"
la casa,"(1.0, 2.0]"
la crystal,"(2.0, 3.0]"
la fiesta,"(1.0, 2.0]"
la fleur,"(1.0, 2.0]"
la maison,"(1.0, 2.0]"
la mariposa,"(1.0, 2.0]"
la vida @ 130,"(1.0, 2.0]"
lagoon view,"(1.0, 2.0]"
laguna park,"(1.0, 2.0]"
lake grande,"(1.0, 2.0]"
lake life,"(1.0, 2.0]"
lakeholmz,"(1.0, 2.0]"
lakepoint condominium,"(0.0, 1.0]"
lakeside tower,"(0.0, 1.0]"
lakeville,"(1.0, 2.0]"
langston ville,"(2.0, 3.0]"
latitude,"(2.0, 3.0]"
lattice one,"(1.0, 2.0]"
laurel tree,"(1.0, 2.0]"
laverne's loft,"(1.0, 2.0]"
le conney park,"(1.0, 2.0]"
le crescendo,"(1.0, 2.0]"
le hill condominium,"(1.0, 2.0]"
le marican,"(1.0, 2.0]"
le nouvel ardmore,"(5.0, 6.5]"
le quest,"(1.0, 2.0]"
le regal,"(1.0, 2.0]"
le reve,"(1.0, 2.0]"
le shantier,"(1.0, 2.0]"
le somme,"(1.0, 2.0]"
le wood,"(1.0, 2.0]"
leedon 2,"(2.0, 3.0]"
leedon green,"(2.0, 3.0]"
leedon heights,"(1.0, 2.0]"
leedon residence,"(3.0, 4.0]"
legenda at joo chiat,"(1.0, 2.0]"
leicester suites,"(1.0, 2.0]"
leighwoods,"(1.0, 2.0]"
leonie hill residences,"(2.0, 3.0]"
leonie suites,"(2.0, 3.0]"
leonie towers,"(2.0, 3.0]"
les maisons nassim,"(6.5, 8.6]"
levenue,"(1.0, 2.0]"
leville isuites,"(1.0, 2.0]"
liiv residences,"(2.0, 3.0]"
lilydale,"(0.0, 1.0]"
lincoln suites,"(1.0, 2.0]"
liv @ mb,"(2.0, 3.0]"
liv on sophia,"(2.0, 3.0]"
liv on wilkie,"(2.0, 3.0]"
livia,"(1.0, 2.0]"
lloyd road,"(2.0, 3.0]"
lloyd sixtyfive,"(3.0, 4.0]"
loft @ nathan,"(1.0, 2.0]"
loft @ rangoon,"(1.0, 2.0]"
loft @ stevens,"(2.0, 3.0]"
lorong 1a toa payoh,"(1.0, 2.0]"
lorong 31 geylang,"(1.0, 2.0]"
lorong 34 geylang,"(1.0, 2.0]"
lorong 40 geylang,"(1.0, 2.0]"
lorong 6 toa payoh,"(2.0, 3.0]"
lorong k telok kurau,"(1.0, 2.0]"
lorong l telok kurau,"(1.0, 2.0]"
lorong marzuki,"(1.0, 2.0]"
loyang valley,"(1.0, 2.0]"
loyang view,"(0.0, 1.0]"
lucida,"(1.0, 2.0]"
lucky plaza,"(2.0, 3.0]"
luma,"(2.0, 3.0]"
lumiere,"(2.0, 3.0]"
lush acres,"(1.0, 2.0]"
lush on holland hill,"(2.0, 3.0]"
luxe ville,"(1.0, 2.0]"
m suites,"(1.0, 2.0]"
m5,"(2.0, 3.0]"
m66,"(1.0, 2.0]"
mackenzie 138,"(1.0, 2.0]"
mackenzie 88,"(2.0, 3.0]"
mackenzie regency,"(1.0, 2.0]"
malvern springs,"(1.0, 2.0]"
mandalay towers,"(2.0, 3.0]"
mandale heights,"(1.0, 2.0]"
mandarin gardens,"(1.0, 2.0]"
margaret ville,"(2.0, 3.0]"
margate road,"(2.0, 3.0]"
marina bay residences,"(2.0, 3.0]"
marina bay suites,"(2.0, 3.0]"
marina collection,"(2.0, 3.0]"
marina one residences,"(2.0, 3.0]"
marine blue,"(2.0, 3.0]"
marine drive,"(2.0, 3.0]"
marine ville,"(1.0, 2.0]"
martin modern,"(3.0, 4.0]"
martin no 38,"(3.0, 4.0]"
martin place residences,"(2.0, 3.0]"
mayfair gardens,"(2.0, 3.0]"
mayfair modern,"(2.0, 3.0]"
maysprings,"(1.0, 2.0]"
meadows @ peirce,"(1.0, 2.0]"
medge,"(1.0, 2.0]"
meier suites,"(1.0, 2.0]"
melinia court,"(1.0, 2.0]"
melosa,"(1.0, 2.0]"
melrose ville,"(1.0, 2.0]"
melville park,"(0.0, 1.0]"
mendon spring,"(1.0, 2.0]"
mera springs,"(1.0, 2.0]"
meraprime,"(2.0, 3.0]"
merawoods,"(1.0, 2.0]"
meridian 38,"(1.0, 2.0]"
metro loft,"(1.0, 2.0]"
meyer mansion,"(2.0, 3.0]"
meyerhouse,"(2.0, 3.0]"
mi casa,"(1.0, 2.0]"
midtown bay,"(3.0, 4.0]"
midtown modern,"(2.0, 3.0]"
midtown residences,"(1.0, 2.0]"
midwood,"(1.0, 2.0]"
mill creek,"(1.0, 2.0]"
mimosa park,"(1.0, 2.0]"
minbu court,"(1.0, 2.0]"
minbu villa,"(1.0, 2.0]"
mint residences @ jansen,"(1.0, 2.0]"
mirage tower,"(2.0, 3.0]"
miro,"(1.0, 2.0]"
modena,"(1.0, 2.0]"
mon jervois,"(1.0, 2.0]"
montebleu,"(1.0, 2.0]"
monterey park condominium,"(1.0, 2.0]"
montrosa,"(1.0, 2.0]"
monville mansions,"(1.0, 2.0]"
mooi residences,"(2.0, 3.0]"
mori,"(1.0, 2.0]"
moulmein rise,"(2.0, 3.0]"
mount echo park,"(3.0, 4.0]"
mount sophia,"(2.0, 3.0]"
mount sophia suites,"(2.0, 3.0]"
mountbatten lodge,"(1.0, 2.0]"
mountbatten suites,"(1.0, 2.0]"
mulberry tree,"(1.0, 2.0]"
mutiara crest,"(2.0, 3.0]"
my manhattan,"(1.0, 2.0]"
myra,"(2.0, 3.0]"
namly court,"(1.0, 2.0]"
nassim 9,"(3.0, 4.0]"
nassim jade,"(3.0, 4.0]"
nassim mansion,"(3.0, 4.0]"
nassim park residences,"(3.0, 4.0]"
nathan place,"(1.0, 2.0]"
nathan residences,"(2.0, 3.0]"
nathan suites,"(2.0, 3.0]"
natura@hillview,"(1.0, 2.0]"
naturalis,"(1.0, 2.0]"
neem tree,"(2.0, 3.0]"
neptune court,"(1.0, 2.0]"
ness,"(1.0, 2.0]"
neu at novena,"(2.0, 3.0]"
new futura,"(3.0, 4.0]"
newest,"(1.0, 2.0]"
newton 18,"(2.0, 3.0]"
newton 21,"(1.0, 2.0]"
newton edge,"(1.0, 2.0]"
newton one,"(2.0, 3.0]"
newton suites,"(2.0, 3.0]"
nicole green,"(1.0, 2.0]"
nim gardens,"(1.0, 2.0]"
nin residence,"(1.0, 2.0]"
nine residences,"(1.0, 2.0]"
noma,"(1.0, 2.0]"
nomu,"(2.0, 3.0]"
normanton park,"(1.0, 2.0]"
north gaia,"(1.0, 2.0]"
north park residences,"(1.0, 2.0]"
northoaks,"(0.0, 1.0]"
northvale,"(1.0, 2.0]"
northwave,"(0.0, 1.0]"
northwood,"(1.0, 2.0]"
nottinghill suites,"(1.0, 2.0]"
nouvel 18,"(3.0, 4.0]"
nouvelle park,"(1.0, 2.0]"
nova 88,"(1.0, 2.0]"
novena court,"(1.0, 2.0]"
novena lodge,"(1.0, 2.0]"
novena regency,"(2.0, 3.0]"
nuovo,"(1.0, 2.0]"
nv residences,"(1.0, 2.0]"
nyon,"(2.0, 3.0]"
oasis @ elias,"(1.0, 2.0]"
oceanfront suites,"(1.0, 2.0]"
oei tiong ham park residences,"(2.0, 3.0]"
okio,"(2.0, 3.0]"
ola,"(1.0, 2.0]"
oleanas residence,"(2.0, 3.0]"
oleander towers,"(1.0, 2.0]"
olloi,"(1.0, 2.0]"
onan suites,"(1.0, 2.0]"
one @ pulasan,"(1.0, 2.0]"
one amber,"(2.0, 3.0]"
one balmoral,"(2.0, 3.0]"
one bernam,"(2.0, 3.0]"
one chatsworth,"(3.0, 4.0]"
one devonshire,"(2.0, 3.0]"
one draycott,"(3.0, 4.0]"
one duchess,"(2.0, 3.0]"
one dusun residences,"(1.0, 2.0]"
one eighties residences,"(1.0, 2.0]"
one fort,"(1.0, 2.0]"
one holland village residences,"(2.0, 3.0]"
one jervois,"(2.0, 3.0]"
one leicester,"(1.0, 2.0]"
one meyer,"(2.0, 3.0]"
one oxley rise,"(2.0, 3.0]"
one pearl bank,"(2.0, 3.0]"
one shenton,"(2.0, 3.0]"
one tree hill residence,"(2.0, 3.0]"
one-north eden,"(2.0, 3.0]"
one-north residences,"(1.0, 2.0]"
onerobey,"(1.0, 2.0]"
onze @ tanjong pagar,"(2.0, 3.0]"
opal suites,"(1.0, 2.0]"
opera estate,"(2.0, 3.0]"
optima @ tanah merah,"(1.0, 2.0]"
orange grove residences,"(2.0, 3.0]"
orchard court,"(1.0, 2.0]"
orchard scotts,"(2.0, 3.0]"
orchard view,"(2.0, 3.0]"
orchid park condominium,"(0.0, 1.0]"
orion,"(2.0, 3.0]"
oue twin peaks,"(3.0, 4.0]"
owen road,"(0.0, 1.0]"
oxford suites,"(1.0, 2.0]"
oxley edge,"(2.0, 3.0]"
oxley residence,"(1.0, 2.0]"
oxley road,"(1.0, 2.0]"
palazzetto,"(1.0, 2.0]"
palm galleria,"(1.0, 2.0]"
palm gardens,"(0.0, 1.0]"
palm haven,"(0.0, 1.0]"
palm isles,"(1.0, 2.0]"
palm oasis,"(1.0, 2.0]"
palm spring,"(2.0, 3.0]"
palm tree nines,"(1.0, 2.0]"
palmera east,"(1.0, 2.0]"
pandan valley,"(1.0, 2.0]"
paradise palms,"(2.0, 3.0]"
parbury hill condominium,"(1.0, 2.0]"
parc bleu,"(1.0, 2.0]"
parc botannia,"(1.0, 2.0]"
parc canberra,"(1.0, 2.0]"
parc centennial,"(1.0, 2.0]"
parc central residences,"(1.0, 2.0]"
parc centros,"(1.0, 2.0]"
parc clematis,"(1.0, 2.0]"
parc elegance,"(1.0, 2.0]"
parc emily,"(2.0, 3.0]"
parc esta,"(2.0, 3.0]"
parc greenwich,"(1.0, 2.0]"
parc haven,"(1.0, 2.0]"
parc imperial,"(1.0, 2.0]"
parc komo,"(1.0, 2.0]"
parc life,"(1.0, 2.0]"
parc mackenzie,"(1.0, 2.0]"
parc oasis,"(1.0, 2.0]"
parc olympia,"(1.0, 2.0]"
parc palais,"(1.0, 2.0]"
parc regency,"(1.0, 2.0]"
parc riviera,"(1.0, 2.0]"
parc rosewood,"(1.0, 2.0]"
parc somme,"(1.0, 2.0]"
parc sophia,"(1.0, 2.0]"
parc vera,"(1.0, 2.0]"
parc vista,"(1.0, 2.0]"
park 1 suites,"(1.0, 2.0]"
park colonial,"(2.0, 3.0]"
park east,"(1.0, 2.0]"
park green,"(1.0, 2.0]"
park infinia at wee nam,"(2.0, 3.0]"
park natura,"(1.0, 2.0]"
park nova,"(4.0, 5.0]"
park place residences at plq,"(2.0, 3.0]"
park residences kovan,"(2.0, 3.0]"
parkshore,"(2.0, 3.0]"
parksuites,"(2.0, 3.0]"
parkview apartments,"(0.0, 1.0]"
parkway apartment,"(2.0, 3.0]"
parkwood residences,"(1.0, 2.0]"
parvis,"(2.0, 3.0]"
pasir ris 8,"(1.0, 2.0]"
pasir ris central street 3,"(1.0, 2.0]"
pasir ris heights,"(1.0, 2.0]"
paterson residence,"(2.0, 3.0]"
paterson suites,"(3.0, 4.0]"
pavilion 11,"(1.0, 2.0]"
pavilion square,"(1.0, 2.0]"
peak residence,"(2.0, 3.0]"
pebble bay,"(1.0, 2.0]"
penrose,"(1.0, 2.0]"
people's park centre,"(0.0, 1.0]"
people's park complex,"(1.0, 2.0]"
perfect ten,"(3.0, 4.0]"
petit jervois,"(3.0, 4.0]"
phoenix avenue,"(1.0, 2.0]"
phoenix garden,"(1.0, 2.0]"
phoenix residences,"(1.0, 2.0]"
phoenix road,"(1.0, 2.0]"
piermont grand,"(1.0, 2.0]"
pine grove,"(1.0, 2.0]"
pinetree condominium,"(2.0, 3.0]"
pinevale,"(0.0, 1.0]"
pinnacle 16,"(1.0, 2.0]"
platinum edge,"(1.0, 2.0]"
pollen & bleu,"(2.0, 3.0]"
poshgrove east,"(1.0, 2.0]"
presidio,"(1.0, 2.0]"
prestige heights,"(1.0, 2.0]"
prestige point,"(1.0, 2.0]"
prime residence,"(1.0, 2.0]"
primedge,"(1.0, 2.0]"
prince charles crescent,"(2.0, 3.0]"
principal garden,"(2.0, 3.0]"
pristine heights,"(1.0, 2.0]"
provence residence,"(1.0, 2.0]"
ps100,"(3.0, 4.0]"
pullman residences newton,"(3.0, 4.0]"
punggol central,"(1.0, 2.0]"
punggol drive,"(0.0, 1.0]"
punggol field,"(1.0, 2.0]"
q bay residences,"(1.0, 2.0]"
qube suites,"(1.0, 2.0]"
queens,"(1.0, 2.0]"
queens peak,"(2.0, 3.0]"
questa @ dunman,"(1.0, 2.0]"
quinterra,"(1.0, 2.0]"
r maison,"(1.0, 2.0]"
race course 138,"(1.0, 2.0]"
race course mansion,"(1.0, 2.0]"
rafflesia condominium,"(1.0, 2.0]"
rajah tower,"(1.0, 2.0]"
rangoon 88,"(1.0, 2.0]"
rangoon apartments,"(1.0, 2.0]"
reflections at keppel bay,"(2.0, 3.0]"
regal 35,"(1.0, 2.0]"
regal court,"(1.0, 2.0]"
regency park,"(2.0, 3.0]"
regent grove,"(1.0, 2.0]"
regent heights,"(0.0, 1.0]"
regent park,"(1.0, 2.0]"
regent residences,"(1.0, 2.0]"
regis mansions,"(1.0, 2.0]"
reignwood hamilton scotts,"(3.0, 4.0]"
residence twenty-two,"(1.0, 2.0]"
residences 88,"(1.0, 2.0]"
residences @ evelyn,"(2.0, 3.0]"
residences @ killiney,"(2.0, 3.0]"
residences @ somme,"(1.0, 2.0]"
residences at 338a,"(2.0, 3.0]"
residences at emerald hill,"(2.0, 3.0]"
residences botanique,"(1.0, 2.0]"
rezi 24,"(1.0, 2.0]"
rezi 26,"(1.0, 2.0]"
rezi 35,"(1.0, 2.0]"
rezi 3two,"(1.0, 2.0]"
rhapsody on mount elizabeth,"(2.0, 3.0]"
rich.residence,"(0.0, 1.0]"
richmond park,"(2.0, 3.0]"
rio gardens,"(1.0, 2.0]"
rio vista,"(1.0, 2.0]"
ripple bay,"(1.0, 2.0]"
ris grandeur,"(1.0, 2.0]"
ritz @ farrer,"(1.0, 2.0]"
ritz mansion,"(1.0, 2.0]"
ritz regency,"(1.0, 2.0]"
rivage,"(2.0, 3.0]"
river isles,"(1.0, 2.0]"
river place,"(1.0, 2.0]"
river valley apartments,"(1.0, 2.0]"
river valley road,"(2.0, 3.0]"
riverbank @ fernvale,"(1.0, 2.0]"
riverbay,"(1.0, 2.0]"
rivercove residences,"(1.0, 2.0]"
riveredge,"(1.0, 2.0]"
riverfront residences,"(1.0, 2.0]"
rivergate,"(3.0, 4.0]"
riveria gardens,"(2.0, 3.0]"
riverparc residence,"(1.0, 2.0]"
riversails,"(1.0, 2.0]"
riverside 48,"(2.0, 3.0]"
riversound residence,"(1.0, 2.0]"
rivertrees residences,"(1.0, 2.0]"
rivervale crest,"(0.0, 1.0]"
riviera 38,"(1.0, 2.0]"
riviera residences,"(1.0, 2.0]"
riz haven,"(1.0, 2.0]"
robertson 100,"(2.0, 3.0]"
robertson blue,"(2.0, 3.0]"
robertson edge,"(2.0, 3.0]"
robin residences,"(2.0, 3.0]"
robin suites,"(2.0, 3.0]"
robinson suites,"(2.0, 3.0]"
rochelle at newton,"(2.0, 3.0]"
rochester drive,"(1.0, 2.0]"
roots @ transit,"(1.0, 2.0]"
rose maison,"(1.0, 2.0]"
rosevale,"(2.0, 3.0]"
rosewood,"(0.0, 1.0]"
rosewood suites,"(0.0, 1.0]"
rosyth ville,"(1.0, 2.0]"
roxy square,"(1.0, 2.0]"
royal court,"(1.0, 2.0]"
royal hallmark,"(1.0, 2.0]"
royalgreen,"(2.0, 3.0]"
rv altitude,"(3.0, 4.0]"
rv edge,"(2.0, 3.0]"
rv point,"(2.0, 3.0]"
rv residences,"(2.0, 3.0]"
rv suites,"(2.0, 3.0]"
rymden 77,"(1.0, 2.0]"
sage,"(3.0, 4.0]"
saint patrick's road,"(1.0, 2.0]"
sanctuary @ 813,"(1.0, 2.0]"
sanctuary green,"(1.0, 2.0]"
sandalwood,"(1.0, 2.0]"
sant ritz,"(1.0, 2.0]"
savannah condopark,"(0.0, 1.0]"
sck ville,"(1.0, 2.0]"
scotts 28,"(2.0, 3.0]"
scotts highpark,"(2.0, 3.0]"
scotts square,"(3.0, 4.0]"
sculptura ardmore,"(5.0, 6.5]"
sea esta,"(1.0, 2.0]"
sea horizon,"(1.0, 2.0]"
seahill,"(1.0, 2.0]"
seascape,"(2.0, 3.0]"
seaside residences,"(2.0, 3.0]"
seasons park,"(1.0, 2.0]"
seasons view,"(1.0, 2.0]"
seastrand,"(1.0, 2.0]"
seletar park residence,"(1.0, 2.0]"
seletar springs condominium,"(0.0, 1.0]"
seletaris,"(1.0, 2.0]"
sembawang cottage,"(0.0, 1.0]"
sengkang grand residences,"(1.0, 2.0]"
sennett estate,"(1.0, 2.0]"
sennett residence,"(1.0, 2.0]"
serangoon north avenue 1,"(1.0, 2.0]"
serangoon road,"(1.0, 2.0]"
seraya breeze,"(1.0, 2.0]"
seraya residences,"(1.0, 2.0]"
seraya ville,"(1.0, 2.0]"
serenity breeze,"(1.0, 2.0]"
serenity park,"(1.0, 2.0]"
setia residences,"(2.0, 3.0]"
seven palms sentosa cove,"(3.0, 4.0]"
seventy saint patrick's,"(2.0, 3.0]"
shanghai one,"(2.0, 3.0]"
shelford 23,"(1.0, 2.0]"
shelford suites,"(1.0, 2.0]"
shenton way,"(2.0, 3.0]"
sherwood towers,"(0.0, 1.0]"
shiro,"(1.0, 2.0]"
siglap v,"(1.0, 2.0]"
signature at lewis,"(2.0, 3.0]"
signature at yishun,"(1.0, 2.0]"
signature park,"(1.0, 2.0]"
silverscape,"(1.0, 2.0]"
silversea,"(2.0, 3.0]"
simei green condominium,"(0.0, 1.0]"
simon lane,"(1.0, 2.0]"
sims dorado,"(1.0, 2.0]"
sims edge,"(2.0, 3.0]"
sims green,"(1.0, 2.0]"
sims residences,"(1.0, 2.0]"
sims urban oasis,"(1.0, 2.0]"
simsville,"(1.0, 2.0]"
sin ming plaza,"(1.0, 2.0]"
sing avenue,"(1.0, 2.0]"
sing joo walk,"(1.0, 2.0]"
sing lian building,"(0.0, 1.0]"
singa hills,"(1.0, 2.0]"
sixteen35 residences,"(1.0, 2.0]"
skies miltonia,"(1.0, 2.0]"
sky everton,"(3.0, 4.0]"
sky green,"(1.0, 2.0]"
sky habitat,"(1.0, 2.0]"
sky vue,"(2.0, 3.0]"
sky@eleven,"(2.0, 3.0]"
skyline @ orchard boulevard,"(5.0, 6.5]"
skyline residences,"(2.0, 3.0]"
skypark residences,"(1.0, 2.0]"
skysuites 17,"(1.0, 2.0]"
skysuites@anson,"(2.0, 3.0]"
sloane residences,"(3.0, 4.0]"
smart suites,"(1.0, 2.0]"
soho 188,"(1.0, 2.0]"
soho @ farrer,"(1.0, 2.0]"
sol acres,"(1.0, 2.0]"
soleil @ sinaran,"(2.0, 3.0]"
sommerville park,"(2.0, 3.0]"
sophia 98,"(2.0, 3.0]"
sophia hills,"(2.0, 3.0]"
sophia residence,"(1.0, 2.0]"
sophia road,"(2.0, 3.0]"
south beach residences,"(3.0, 4.0]"
southbank,"(2.0, 3.0]"
space @ kovan,"(1.0, 2.0]"
spanish village,"(2.0, 3.0]"
spazio @ kovan,"(1.0, 2.0]"
spottiswoode 18,"(2.0, 3.0]"
spottiswoode park,"(1.0, 2.0]"
spottiswoode residences,"(2.0, 3.0]"
spottiswoode suites,"(2.0, 3.0]"
spring @ langsat,"(1.0, 2.0]"
spring grove,"(1.0, 2.0]"
springdale condominium,"(1.0, 2.0]"
stadia,"(1.0, 2.0]"
starlight suites,"(2.0, 3.0]"
stars of kovan,"(1.0, 2.0]"
stellar rv,"(2.0, 3.0]"
stevens loft,"(1.0, 2.0]"
stevens suites,"(1.0, 2.0]"
still 123,"(1.0, 2.0]"
stillz residence,"(1.0, 2.0]"
stirling residences,"(2.0, 3.0]"
straits mansions,"(2.0, 3.0]"
straits residences,"(1.0, 2.0]"
strata,"(1.0, 2.0]"
stratford court,"(0.0, 1.0]"
stratum,"(1.0, 2.0]"
studio 3,"(2.0, 3.0]"
studio8,"(1.0, 2.0]"
sturdee residences,"(2.0, 3.0]"
sturdee view,"(1.0, 2.0]"
suites 123,"(1.0, 2.0]"
suites 28,"(1.0, 2.0]"
suites @ amber,"(2.0, 3.0]"
suites @ eastcoast,"(1.0, 2.0]"
suites @ eunos,"(1.0, 2.0]"
suites @ guillemard,"(1.0, 2.0]"
suites @ kovan,"(1.0, 2.0]"
suites @ newton,"(2.0, 3.0]"
suites @ owen,"(1.0, 2.0]"
suites @ paya lebar,"(1.0, 2.0]"
suites @ shrewsbury,"(1.0, 2.0]"
suites @ sims,"(1.0, 2.0]"
suites @ surrey,"(2.0, 3.0]"
suites @ topaz,"(1.0, 2.0]"
suites at orchard,"(2.0, 3.0]"
suites de laurel,"(1.0, 2.0]"
sultan gate place,"(1.0, 2.0]"
sumang walk,"(1.0, 2.0]"
summer scent,"(1.0, 2.0]"
summerdale,"(0.0, 1.0]"
summerhill,"(1.0, 2.0]"
sunglade,"(1.0, 2.0]"
sunhaven,"(1.0, 2.0]"
sunny lodge,"(1.0, 2.0]"
sunny palms,"(1.0, 2.0]"
sunny parc,"(1.0, 2.0]"
sunrise gardens,"(1.0, 2.0]"
sunshine grandeur,"(1.0, 2.0]"
sunshine lodge,"(1.0, 2.0]"
sunshine plaza,"(1.0, 2.0]"
sunville,"(1.0, 2.0]"
swiss view,"(1.0, 2.0]"
sycamore tree,"(2.0, 3.0]"
symphony heights,"(1.0, 2.0]"
symphony suites,"(1.0, 2.0]"
taipan jade,"(1.0, 2.0]"
tampines street 11,"(1.0, 2.0]"
tan quee lan street,"(2.0, 3.0]"
tanah merah kechil ridge,"(1.0, 2.0]"
tanamera crest,"(1.0, 2.0]"
tanglin hill,"(3.0, 4.0]"
tanglin hill condominium,"(3.0, 4.0]"
tanglin park,"(2.0, 3.0]"
tanglin regency,"(1.0, 2.0]"
tanglin view,"(1.0, 2.0]"
tanjong katong road,"(1.0, 2.0]"
tanjong ria condominium,"(1.0, 2.0]"
tedge,"(1.0, 2.0]"
tembeling centre,"(1.0, 2.0]"
tembeling grove,"(1.0, 2.0]"
tembeling residence,"(1.0, 2.0]"
teresa ville,"(1.0, 2.0]"
terrasse,"(1.0, 2.0]"
terrene at bukit timah,"(1.0, 2.0]"
textile centre,"(1.0, 2.0]"
the 101,"(2.0, 3.0]"
the abode at devonshire,"(2.0, 3.0]"
the acacias,"(1.0, 2.0]"
the alps residences,"(1.0, 2.0]"
the amarelle,"(1.0, 2.0]"
the ambrosia,"(1.0, 2.0]"
the amerald studio,"(1.0, 2.0]"
the amore,"(1.0, 2.0]"
the amston,"(1.0, 2.0]"
the anchorage,"(1.0, 2.0]"
the ansley,"(1.0, 2.0]"
the antares,"(1.0, 2.0]"
the arc at draycott,"(2.0, 3.0]"
the arcadia,"(1.0, 2.0]"
the arden,"(1.0, 2.0]"
the aristo @ amber,"(2.0, 3.0]"
the armadale,"(1.0, 2.0]"
the arris,"(2.0, 3.0]"
the arte,"(1.0, 2.0]"
the aston,"(1.0, 2.0]"
the atelier,"(2.0, 3.0]"
the atria at meyer,"(2.0, 3.0]"
the avenir,"(3.0, 4.0]"
the axis,"(1.0, 2.0]"
the azure,"(2.0, 3.0]"
the azzuro,"(1.0, 2.0]"
the bale,"(1.0, 2.0]"
the balmoral spring,"(2.0, 3.0]"
the bayshore,"(1.0, 2.0]"
the beacon,"(1.0, 2.0]"
the beacon edge,"(1.0, 2.0]"
the belvedere,"(1.0, 2.0]"
the bencoolen,"(1.0, 2.0]"
the berth by the cove,"(1.0, 2.0]"
the beverly,"(1.0, 2.0]"
the bliss,"(1.0, 2.0]"
the blossomvale,"(2.0, 3.0]"
the boulevard residence,"(3.0, 4.0]"
the boutiq,"(2.0, 3.0]"
the brownstone,"(1.0, 2.0]"
the calypso,"(1.0, 2.0]"
the canopy,"(1.0, 2.0]"
the cape,"(2.0, 3.0]"
the cascadia,"(2.0, 3.0]"
the cassandra,"(1.0, 2.0]"
the centren,"(1.0, 2.0]"
the centrio,"(1.0, 2.0]"
the centris,"(1.0, 2.0]"
the chuan,"(2.0, 3.0]"
the citrine,"(1.0, 2.0]"
the citron,"(2.0, 3.0]"
the claymore,"(3.0, 4.0]"
the clearwater,"(1.0, 2.0]"
the clement canopy,"(1.0, 2.0]"
the clift,"(2.0, 3.0]"
the coast at sentosa cove,"(2.0, 3.0]"
the commodore,"(1.0, 2.0]"
the concourse,"(2.0, 3.0]"
the cornwall,"(2.0, 3.0]"
the cosmopolitan,"(2.0, 3.0]"
the coterie @ holland,"(2.0, 3.0]"
the cotz,"(1.0, 2.0]"
the creek @ bukit,"(2.0, 3.0]"
the crest,"(2.0, 3.0]"
the cristallo,"(1.0, 2.0]"
the criterion,"(1.0, 2.0]"
the daffodil,"(1.0, 2.0]"
the dairy farm,"(1.0, 2.0]"
the dew,"(1.0, 2.0]"
the diamond,"(1.0, 2.0]"
the draycott,"(2.0, 3.0]"
the eastside,"(1.0, 2.0]"
the ebony,"(2.0, 3.0]"
the eden at tampines,"(0.0, 1.0]"
the edge on cairnhill,"(2.0, 3.0]"
the element @ stevens,"(1.0, 2.0]"
the elysia,"(1.0, 2.0]"
the enclave . holland,"(2.0, 3.0]"
the esparis,"(0.0, 1.0]"
the essence,"(1.0, 2.0]"
the esta,"(2.0, 3.0]"
the estuary,"(1.0, 2.0]"
the floravale,"(0.0, 1.0]"
the florence residences,"(1.0, 2.0]"
the florentine,"(1.0, 2.0]"
the florida,"(1.0, 2.0]"
the ford @ holland,"(2.0, 3.0]"
the foresta @ mount faber,"(2.0, 3.0]"
the gale,"(1.0, 2.0]"
the garden residences,"(2.0, 3.0]"
the gardens at bishan,"(1.0, 2.0]"
the gazania,"(2.0, 3.0]"
the glacier,"(1.0, 2.0]"
the glades,"(1.0, 2.0]"
the glyndebourne,"(2.0, 3.0]"
the grandhill,"(1.0, 2.0]"
the grange,"(3.0, 4.0]"
the greenwich,"(1.0, 2.0]"
the hacienda,"(1.0, 2.0]"
the heliconia,"(1.0, 2.0]"
the hermitage,"(2.0, 3.0]"
the hillford,"(1.0, 2.0]"
the hillier,"(1.0, 2.0]"
the hillside,"(1.0, 2.0]"
the holland collection,"(2.0, 3.0]"
the huntington,"(2.0, 3.0]"
the hyde,"(3.0, 4.0]"
the imperial,"(2.0, 3.0]"
the infiniti,"(1.0, 2.0]"
the inflora,"(1.0, 2.0]"
the inspira,"(2.0, 3.0]"
the interlace,"(1.0, 2.0]"
the interweave,"(1.0, 2.0]"
the iveria,"(2.0, 3.0]"
the jade,"(1.0, 2.0]"
the jovell,"(1.0, 2.0]"
the ladyhill,"(2.0, 3.0]"
the lakefront residences,"(1.0, 2.0]"
the lakeshore,"(1.0, 2.0]"
the lanai,"(1.0, 2.0]"
the landmark,"(2.0, 3.0]"
the lattiz,"(1.0, 2.0]"
the laurels,"(3.0, 4.0]"
the legacy,"(1.0, 2.0]"
the legend,"(1.0, 2.0]"
the lenox,"(1.0, 2.0]"
the light @ cairnhill,"(2.0, 3.0]"
the lilium,"(2.0, 3.0]"
the linc,"(2.0, 3.0]"
the lincoln modern,"(1.0, 2.0]"
the lincoln residences,"(2.0, 3.0]"
the line @ tanjong rhu,"(2.0, 3.0]"
the linear,"(1.0, 2.0]"
the linq @ beauty world,"(2.0, 3.0]"
the loft,"(2.0, 3.0]"
the lumos,"(2.0, 3.0]"
the lush,"(1.0, 2.0]"
the luxurie,"(1.0, 2.0]"
the m,"(2.0, 3.0]"
the madeira,"(1.0, 2.0]"
the makena,"(1.0, 2.0]"
the marq on paterson hill,"(5.0, 6.5]"
the mayfair,"(1.0, 2.0]"
the maylea,"(1.0, 2.0]"
the mercury,"(2.0, 3.0]"
the merlot,"(2.0, 3.0]"
the metropolitan condominium,"(1.0, 2.0]"
the meyer place,"(1.0, 2.0]"
the meyerise,"(2.0, 3.0]"
the mezzo,"(1.0, 2.0]"
the midas,"(1.0, 2.0]"
the miltonia residences,"(1.0, 2.0]"
the minton,"(1.0, 2.0]"
the mkz,"(1.0, 2.0]"
the montage,"(1.0, 2.0]"
the montana,"(2.0, 3.0]"
the morningside,"(2.0, 3.0]"
the nassim,"(3.0, 4.0]"
the nautical,"(1.0, 2.0]"
the navian,"(2.0, 3.0]"
the nexus,"(2.0, 3.0]"
the oceanfront @ sentosa cove,"(2.0, 3.0]"
the octet,"(1.0, 2.0]"
the oliv,"(3.0, 4.0]"
the orange grove,"(2.0, 3.0]"
the orchard residences,"(3.0, 4.0]"
the orient,"(2.0, 3.0]"
the palette,"(1.0, 2.0]"
the panorama,"(1.0, 2.0]"
the parc condominium,"(1.0, 2.0]"
the paterson,"(2.0, 3.0]"
the paterson edge,"(2.0, 3.0]"
the peak,"(1.0, 2.0]"
the peak @ cairnhill i,"(2.0, 3.0]"
the peak @ cairnhill ii,"(3.0, 4.0]"
the peak@balmeg,"(1.0, 2.0]"
the pearl @ mount faber,"(1.0, 2.0]"
the petals,"(1.0, 2.0]"
the pier at robertson,"(2.0, 3.0]"
the plaza,"(1.0, 2.0]"
the poiz residences,"(2.0, 3.0]"
the princeton,"(2.0, 3.0]"
the promenade@pelikat,"(1.0, 2.0]"
the quartz,"(1.0, 2.0]"
the quayside,"(1.0, 2.0]"
the quinn,"(1.0, 2.0]"
the quintet,"(1.0, 2.0]"
the rainforest,"(1.0, 2.0]"
the raintree,"(1.0, 2.0]"
the red house,"(1.0, 2.0]"
the reef at kingâ€™s dock,"(2.0, 3.0]"
the regalia,"(1.0, 2.0]"
the regency at tiong bahru,"(2.0, 3.0]"
the residences at w singapore sentosa cove,"(3.0, 4.0]"
the rise @ oxley,"(2.0, 3.0]"
the riverine by the park,"(2.0, 3.0]"
the riverside piazza,"(1.0, 2.0]"
the riverwalk,"(1.0, 2.0]"
the rochester residences,"(1.0, 2.0]"
the sail @ marina bay,"(2.0, 3.0]"
the sanctuary @ geylang,"(1.0, 2.0]"
the santorini,"(1.0, 2.0]"
the scala,"(1.0, 2.0]"
the scenic @ braddell,"(1.0, 2.0]"
the scotts tower,"(3.0, 4.0]"
the seafront on meyer,"(2.0, 3.0]"
the seawind,"(1.0, 2.0]"
the serenade @ holland,"(1.0, 2.0]"
the serennia,"(1.0, 2.0]"
the serenno,"(1.0, 2.0]"
the shaughnessy,"(1.0, 2.0]"
the shelford,"(2.0, 3.0]"
the shore residences,"(1.0, 2.0]"
the sierra,"(1.0, 2.0]"
the sixth avenue residences,"(1.0, 2.0]"
the skywoods,"(1.0, 2.0]"
the solitaire,"(2.0, 3.0]"
the sorrento,"(1.0, 2.0]"
the sound,"(2.0, 3.0]"
the springbloom,"(1.0, 2.0]"
the sunny spring,"(1.0, 2.0]"
the sunnydale,"(1.0, 2.0]"
the taipan,"(1.0, 2.0]"
the tampines trilliant,"(1.0, 2.0]"
the tapestry,"(1.0, 2.0]"
the tate residences,"(3.0, 4.0]"
the tembusu,"(1.0, 2.0]"
the tennery,"(1.0, 2.0]"
the terrace,"(1.0, 2.0]"
the tessarina,"(2.0, 3.0]"
the tier,"(1.0, 2.0]"
the topiary,"(1.0, 2.0]"
the tre ver,"(2.0, 3.0]"
the tresor,"(2.0, 3.0]"
the trevose,"(1.0, 2.0]"
the trilinq,"(1.0, 2.0]"
the trillium,"(2.0, 3.0]"
the trizon,"(2.0, 3.0]"
the tropica,"(1.0, 2.0]"
the trumps,"(1.0, 2.0]"
the urbanite,"(1.0, 2.0]"
the vales,"(1.0, 2.0]"
the vanderlint,"(1.0, 2.0]"
the venue residences,"(1.0, 2.0]"
the verandah residences,"(2.0, 3.0]"
the vermont on cairnhill,"(2.0, 3.0]"
the verv @ rv,"(2.0, 3.0]"
the verve,"(1.0, 2.0]"
the view @ meyer,"(2.0, 3.0]"
the vines,"(1.0, 2.0]"
the viridian,"(1.0, 2.0]"
the vision,"(1.0, 2.0]"
the vue,"(1.0, 2.0]"
the warren,"(1.0, 2.0]"
the water edge,"(1.0, 2.0]"
the watergardens at canberra,"(1.0, 2.0]"
the waterina,"(1.0, 2.0]"
the waterline,"(1.0, 2.0]"
the waterside,"(1.0, 2.0]"
the wharf residence,"(2.0, 3.0]"
the windsor,"(1.0, 2.0]"
the wisteria,"(1.0, 2.0]"
the woodgrove,"(0.0, 1.0]"
the woodleigh residences,"(2.0, 3.0]"
thomson 800,"(2.0, 3.0]"
thomson euro-asia,"(2.0, 3.0]"
thomson grand,"(1.0, 2.0]"
thomson imperial court,"(1.0, 2.0]"
thomson impressions,"(1.0, 2.0]"
thomson three,"(1.0, 2.0]"
thomson v one,"(1.0, 2.0]"
thomson v two,"(2.0, 3.0]"
three 11,"(2.0, 3.0]"
three balmoral,"(2.0, 3.0]"
three three robin,"(2.0, 3.0]"
tiara,"(2.0, 3.0]"
tierra vue,"(2.0, 3.0]"
tiong bahru estate,"(1.0, 2.0]"
tivoli grande,"(1.0, 2.0]"
tivoli lodge,"(1.0, 2.0]"
toh tuck place,"(1.0, 2.0]"
toh tuck road,"(1.0, 2.0]"
tomlinson heights,"(3.0, 4.0]"
torieview mansions,"(1.0, 2.0]"
townhouse apartments,"(1.0, 2.0]"
tre residences,"(1.0, 2.0]"
treasure at tampines,"(1.0, 2.0]"
treasure crest,"(1.0, 2.0]"
treasure loft,"(1.0, 2.0]"
tree house,"(1.0, 2.0]"
treescape,"(1.0, 2.0]"
trellis towers,"(1.0, 2.0]"
tresalveo,"(1.0, 2.0]"
trevista,"(1.0, 2.0]"
trevose crescent,"(2.0, 3.0]"
trevose park,"(2.0, 3.0]"
tribeca,"(2.0, 3.0]"
trilight,"(2.0, 3.0]"
trilive,"(2.0, 3.0]"
tropical spring,"(1.0, 2.0]"
tropika east,"(1.0, 2.0]"
turquoise,"(1.0, 2.0]"
twentyone angullia park,"(4.0, 5.0]"
twin fountains,"(1.0, 2.0]"
twin heights,"(1.0, 2.0]"
twin regency,"(2.0, 3.0]"
twin vew,"(1.0, 2.0]"
twin waterfalls,"(1.0, 2.0]"
tyrwhitt 139,"(1.0, 2.0]"
ue square,"(2.0, 3.0]"
up@robertson quay,"(2.0, 3.0]"
upper boon keng road,"(1.0, 2.0]"
upper changi road north,"(1.0, 2.0]"
uptown @ farrer,"(1.0, 2.0]"
urban edge @ holland v,"(2.0, 3.0]"
urban heritage,"(1.0, 2.0]"
urban lofts,"(1.0, 2.0]"
urban residences,"(1.0, 2.0]"
urban resort condominium,"(3.0, 4.0]"
urban suites,"(3.0, 4.0]"
urban treasures,"(2.0, 3.0]"
urban vista,"(1.0, 2.0]"
urbana,"(2.0, 3.0]"
v on shenton,"(2.0, 3.0]"
va residences,"(1.0, 2.0]"
vacanza @ east,"(1.0, 2.0]"
valley park,"(2.0, 3.0]"
van holland,"(3.0, 4.0]"
vanadium,"(1.0, 2.0]"
varsity park condominium,"(1.0, 2.0]"
venezio,"(1.0, 2.0]"
ventura view,"(1.0, 2.0]"
verdale,"(1.0, 2.0]"
verdure,"(2.0, 3.0]"
verticus,"(2.0, 3.0]"
vertis,"(1.0, 2.0]"
vibes @ east coast,"(1.0, 2.0]"
vibes @ kovan,"(1.0, 2.0]"
vibes@upper serangoon,"(1.0, 2.0]"
victoria street,"(2.0, 3.0]"
vida,"(2.0, 3.0]"
viento,"(1.0, 2.0]"
view at kismis,"(1.0, 2.0]"
viio @ balestier,"(2.0, 3.0]"
villa azura,"(1.0, 2.0]"
villa delle rose,"(1.0, 2.0]"
villa marina,"(1.0, 2.0]"
villa martia,"(1.0, 2.0]"
village @ pasir panjang,"(1.0, 2.0]"
visioncrest,"(2.0, 3.0]"
vista residences,"(1.0, 2.0]"
vitra,"(1.0, 2.0]"
viva,"(2.0, 3.0]"
viva vista,"(1.0, 2.0]"
vivace,"(2.0, 3.0]"
viz at holland,"(1.0, 2.0]"
vogx,"(1.0, 2.0]"
volari,"(2.0, 3.0]"
vue 8 residence,"(1.0, 2.0]"
water place,"(1.0, 2.0]"
waterbank at dakota,"(1.0, 2.0]"
waterbay,"(1.0, 2.0]"
watercolours,"(1.0, 2.0]"
watercrest,"(1.0, 2.0]"
waterfall gardens,"(2.0, 3.0]"
waterford residence,"(1.0, 2.0]"
waterfront @ faber,"(1.0, 2.0]"
waterfront gold,"(1.0, 2.0]"
waterfront isle,"(1.0, 2.0]"
waterfront key,"(1.0, 2.0]"
waterfront waves,"(1.0, 2.0]"
watermark robertson quay,"(2.0, 3.0]"
waterscape at cavenagh,"(2.0, 3.0]"
watertown,"(1.0, 2.0]"
waterview,"(1.0, 2.0]"
waterwoods,"(1.0, 2.0]"
west bay condominium,"(1.0, 2.0]"
west coast crescent,"(1.0, 2.0]"
west coast walk,"(1.0, 2.0]"
west park regency,"(1.0, 2.0]"
westcove condominium,"(1.0, 2.0]"
westmere,"(1.0, 2.0]"
westwood avenue,"(1.0, 2.0]"
westwood residences,"(1.0, 2.0]"
whampoa drive,"(1.0, 2.0]"
whistler grand,"(1.0, 2.0]"
white house residences,"(2.0, 3.0]"
whitehaven,"(1.0, 2.0]"
whitewater,"(1.0, 2.0]"
wilkie 80,"(2.0, 3.0]"
wilkie 87,"(1.0, 2.0]"
wilkie regency,"(1.0, 2.0]"
wilkie studio,"(2.0, 3.0]"
wilshire residences,"(2.0, 3.0]"
windermere,"(0.0, 1.0]"
wing fong court,"(1.0, 2.0]"
wing fong mansions,"(1.0, 2.0]"
wing on life garden,"(2.0, 3.0]"
woodgrove avenue,"(1.0, 2.0]"
woodgrove condominium,"(0.0, 1.0]"
woodhaven,"(1.0, 2.0]"
woodlands drive 16,"(0.0, 1.0]"
woodsvale,"(0.0, 1.0]"
woodsville 28,"(1.0, 2.0]"
woodsville mansions,"(1.0, 2.0]"
worthington,"(1.0, 2.0]"
yew mei green,"(0.0, 1.0]"
yewtee residences,"(1.0, 2.0]"
yishun avenue 1,"(1.0, 2.0]"
yishun close,"(1.0, 2.0]"
yishun emerald,"(0.0, 1.0]"
yishun ring road,"(1.0, 2.0]"
yishun sapphire,"(0.0, 1.0]"
yong an park,"(2.0, 3.0]"
yong siak street,"(1.0, 2.0]"
zedge,"(1.0, 2.0]"
zenith,"(2.0, 3.0]"
zyanya,"(1.0, 2.0]"
